issue_no,issue_url,created_at,commented_at,closed_at
1449,https://github.com/firecracker-microvm/firecracker/issues/1449,2019-12-04,2019-12-05,2019-12-09
1448,https://github.com/firecracker-microvm/firecracker/issues/1448,2019-12-04,2019-12-04,2019-12-04
1432,https://github.com/firecracker-microvm/firecracker/issues/1432,2019-11-26,2019-11-26,2019-11-28
1375,https://github.com/firecracker-microvm/firecracker/issues/1375,2019-11-08,2019-11-08,2019-11-25
1370,https://github.com/firecracker-microvm/firecracker/issues/1370,2019-11-05,2019-11-05,2019-11-05
1357,https://github.com/firecracker-microvm/firecracker/issues/1357,2019-10-28,2019-10-29,2019-12-09
1344,https://github.com/firecracker-microvm/firecracker/issues/1344,2019-10-22,2019-10-22,2019-10-22
1336,https://github.com/firecracker-microvm/firecracker/issues/1336,2019-10-18,2019-10-18,2019-12-09
1330,https://github.com/firecracker-microvm/firecracker/issues/1330,2019-10-15,2019-10-17,2019-10-17
1314,https://github.com/firecracker-microvm/firecracker/issues/1314,2019-10-05,2019-10-08,2019-12-09
1296,https://github.com/firecracker-microvm/firecracker/issues/1296,2019-09-26,2019-09-27,2019-12-09
1290,https://github.com/firecracker-microvm/firecracker/issues/1290,2019-09-25,2019-09-25,2019-09-25
1288,https://github.com/firecracker-microvm/firecracker/issues/1288,2019-09-25,2019-09-25,2019-09-25
1283,https://github.com/firecracker-microvm/firecracker/issues/1283,2019-09-24,2019-09-24,2019-11-05
1278,https://github.com/firecracker-microvm/firecracker/issues/1278,2019-09-23,2019-09-23,2019-09-23
1271,https://github.com/firecracker-microvm/firecracker/issues/1271,2019-09-17,2019-09-18,2019-09-18
1264,https://github.com/firecracker-microvm/firecracker/issues/1264,2019-09-16,2019-10-11,2019-10-11
1253,https://github.com/firecracker-microvm/firecracker/issues/1253,2019-09-11,2019-09-12,2019-09-13
1248,https://github.com/firecracker-microvm/firecracker/issues/1248,2019-09-09,2019-09-09,2019-09-16
1225,https://github.com/firecracker-microvm/firecracker/issues/1225,2019-08-21,2019-10-11,2019-12-09
1223,https://github.com/firecracker-microvm/firecracker/issues/1223,2019-08-19,2019-10-11,2019-08-20
1219,https://github.com/firecracker-microvm/firecracker/issues/1219,2019-08-15,2019-08-16,2019-12-09
1217,https://github.com/firecracker-microvm/firecracker/issues/1217,2019-08-13,2019-12-09,2019-12-09
1214,https://github.com/firecracker-microvm/firecracker/issues/1214,2019-08-13,2019-08-13,2019-08-13
1201,https://github.com/firecracker-microvm/firecracker/issues/1201,2019-07-31,2019-08-01,2019-08-01
1196,https://github.com/firecracker-microvm/firecracker/issues/1196,2019-07-29,2019-07-31,2019-11-04
1194,https://github.com/firecracker-microvm/firecracker/issues/1194,2019-07-25,2019-07-31,2019-10-23
1193,https://github.com/firecracker-microvm/firecracker/issues/1193,2019-07-25,2019-10-23,2019-10-23
1192,https://github.com/firecracker-microvm/firecracker/issues/1192,2019-07-25,2019-09-02,2019-09-02
1191,https://github.com/firecracker-microvm/firecracker/issues/1191,2019-07-25,2019-08-06,2019-08-06
1186,https://github.com/firecracker-microvm/firecracker/issues/1186,2019-07-16,2019-07-16,2019-07-16
1185,https://github.com/firecracker-microvm/firecracker/issues/1185,2019-07-15,2019-07-16,2019-07-17
1164,https://github.com/firecracker-microvm/firecracker/issues/1164,2019-07-09,2019-12-09,2019-12-09
1153,https://github.com/firecracker-microvm/firecracker/issues/1153,2019-06-26,2019-07-15,2019-07-30
1150,https://github.com/firecracker-microvm/firecracker/issues/1150,2019-06-25,2019-07-08,2019-07-08
1120,https://github.com/firecracker-microvm/firecracker/issues/1120,2019-06-03,2019-06-18,2019-07-12
1111,https://github.com/firecracker-microvm/firecracker/issues/1111,2019-05-28,2019-05-28,2019-05-28
1097,https://github.com/firecracker-microvm/firecracker/issues/1097,2019-05-16,2019-05-16,2019-12-09
1095,https://github.com/firecracker-microvm/firecracker/issues/1095,2019-05-15,2019-05-15,2019-12-09
1089,https://github.com/firecracker-microvm/firecracker/issues/1089,2019-05-10,2019-05-13,2019-05-20
1084,https://github.com/firecracker-microvm/firecracker/issues/1084,2019-05-08,2019-05-09,2019-07-15
1081,https://github.com/firecracker-microvm/firecracker/issues/1081,2019-05-03,2019-11-13,2019-12-09
1080,https://github.com/firecracker-microvm/firecracker/issues/1080,2019-05-03,2019-06-24,2019-06-24
1049,https://github.com/firecracker-microvm/firecracker/issues/1049,2019-04-06,2019-04-06,2019-07-10
1048,https://github.com/firecracker-microvm/firecracker/issues/1048,2019-04-05,2019-04-08,2019-12-09
1046,https://github.com/firecracker-microvm/firecracker/issues/1046,2019-04-03,2019-05-13,2019-12-09
1037,https://github.com/firecracker-microvm/firecracker/issues/1037,2019-03-28,2019-03-28,2019-03-29
1035,https://github.com/firecracker-microvm/firecracker/issues/1035,2019-03-26,2019-07-15,2019-12-09
1034,https://github.com/firecracker-microvm/firecracker/issues/1034,2019-03-24,2019-03-24,2019-12-09
1033,https://github.com/firecracker-microvm/firecracker/issues/1033,2019-03-22,2019-03-24,2019-12-09
1028,https://github.com/firecracker-microvm/firecracker/issues/1028,2019-03-20,2019-03-20,2019-04-08
998,https://github.com/firecracker-microvm/firecracker/issues/998,2019-03-09,2019-03-09,2019-12-09
988,https://github.com/firecracker-microvm/firecracker/issues/988,2019-03-08,2019-03-08,2019-03-11
987,https://github.com/firecracker-microvm/firecracker/issues/987,2019-03-07,2019-03-07,2019-04-08
973,https://github.com/firecracker-microvm/firecracker/issues/973,2019-02-27,2019-03-25,2019-12-09
972,https://github.com/firecracker-microvm/firecracker/issues/972,2019-02-27,2019-03-19,2019-03-19
954,https://github.com/firecracker-microvm/firecracker/issues/954,2019-02-21,2019-02-22,2019-02-22
953,https://github.com/firecracker-microvm/firecracker/issues/953,2019-02-20,2019-02-21,2019-10-09
945,https://github.com/firecracker-microvm/firecracker/issues/945,2019-02-19,2019-02-19,2019-02-19
941,https://github.com/firecracker-microvm/firecracker/issues/941,2019-02-18,2019-02-20,2019-02-20
938,https://github.com/firecracker-microvm/firecracker/issues/938,2019-02-15,2019-09-23,2019-09-23
936,https://github.com/firecracker-microvm/firecracker/issues/936,2019-02-14,2019-12-02,2019-12-02
935,https://github.com/firecracker-microvm/firecracker/issues/935,2019-02-14,2019-02-25,2019-03-27
934,https://github.com/firecracker-microvm/firecracker/issues/934,2019-02-14,2019-08-08,2019-08-08
923,https://github.com/firecracker-microvm/firecracker/issues/923,2019-02-07,2019-07-08,2019-10-03
915,https://github.com/firecracker-microvm/firecracker/issues/915,2019-02-03,2019-07-08,2019-02-14
913,https://github.com/firecracker-microvm/firecracker/issues/913,2019-02-02,2019-02-03,2019-02-08
911,https://github.com/firecracker-microvm/firecracker/issues/911,2019-01-31,2019-01-31,2019-02-26
908,https://github.com/firecracker-microvm/firecracker/issues/908,2019-01-31,2019-02-03,2019-12-09
898,https://github.com/firecracker-microvm/firecracker/issues/898,2019-01-29,2019-01-29,2019-01-29
889,https://github.com/firecracker-microvm/firecracker/issues/889,2019-01-25,2019-01-25,2019-02-03
886,https://github.com/firecracker-microvm/firecracker/issues/886,2019-01-24,2019-01-24,2019-12-09
883,https://github.com/firecracker-microvm/firecracker/issues/883,2019-01-23,2019-01-31,2019-02-03
881,https://github.com/firecracker-microvm/firecracker/issues/881,2019-01-23,2019-02-03,2019-12-09
857,https://github.com/firecracker-microvm/firecracker/issues/857,2019-01-17,2019-01-17,2019-02-06
849,https://github.com/firecracker-microvm/firecracker/issues/849,2019-01-14,2019-02-18,2019-02-18
839,https://github.com/firecracker-microvm/firecracker/issues/839,2019-01-10,2019-01-10,2019-12-09
836,https://github.com/firecracker-microvm/firecracker/issues/836,2019-01-10,2019-01-10,2019-02-06
835,https://github.com/firecracker-microvm/firecracker/issues/835,2019-01-10,2019-01-10,2019-12-09
833,https://github.com/firecracker-microvm/firecracker/issues/833,2019-01-09,2019-01-09,2019-07-15
818,https://github.com/firecracker-microvm/firecracker/issues/818,2019-01-07,2019-12-09,2019-12-09
813,https://github.com/firecracker-microvm/firecracker/issues/813,2019-01-06,2019-02-15,2019-07-15
792,https://github.com/firecracker-microvm/firecracker/issues/792,2018-12-25,2018-12-25,2018-12-27
784,https://github.com/firecracker-microvm/firecracker/issues/784,2018-12-20,2018-12-20,2018-12-20
783,https://github.com/firecracker-microvm/firecracker/issues/783,2018-12-20,2018-12-20,2018-12-28
782,https://github.com/firecracker-microvm/firecracker/issues/782,2018-12-20,2018-12-20,2019-04-01
776,https://github.com/firecracker-microvm/firecracker/issues/776,2018-12-18,2018-12-21,2018-12-21
769,https://github.com/firecracker-microvm/firecracker/issues/769,2018-12-14,2018-12-21,2018-12-14
767,https://github.com/firecracker-microvm/firecracker/issues/767,2018-12-13,2018-12-13,2018-12-13
766,https://github.com/firecracker-microvm/firecracker/issues/766,2018-12-12,2018-12-12,2018-12-13
760,https://github.com/firecracker-microvm/firecracker/issues/760,2018-12-11,2019-01-15,2019-01-15
752,https://github.com/firecracker-microvm/firecracker/issues/752,2018-12-08,2018-12-11,2019-12-09
750,https://github.com/firecracker-microvm/firecracker/issues/750,2018-12-07,2018-12-07,2019-12-09
746,https://github.com/firecracker-microvm/firecracker/issues/746,2018-12-05,2018-12-06,2018-12-28
745,https://github.com/firecracker-microvm/firecracker/issues/745,2018-12-05,2018-12-28,2019-12-09
741,https://github.com/firecracker-microvm/firecracker/issues/741,2018-12-05,2018-12-06,2018-12-18
739,https://github.com/firecracker-microvm/firecracker/issues/739,2018-12-04,2019-12-09,2019-12-09
732,https://github.com/firecracker-microvm/firecracker/issues/732,2018-12-04,2018-12-04,2018-12-10
724,https://github.com/firecracker-microvm/firecracker/issues/724,2018-12-03,2018-12-03,2019-02-22
723,https://github.com/firecracker-microvm/firecracker/issues/723,2018-12-03,2018-12-03,2019-12-09
718,https://github.com/firecracker-microvm/firecracker/issues/718,2018-12-01,2018-12-02,2019-02-22
716,https://github.com/firecracker-microvm/firecracker/issues/716,2018-12-01,2018-12-01,2018-12-02
715,https://github.com/firecracker-microvm/firecracker/issues/715,2018-11-30,2018-11-30,2019-12-09
714,https://github.com/firecracker-microvm/firecracker/issues/714,2018-11-30,2018-11-30,2019-02-18
708,https://github.com/firecracker-microvm/firecracker/issues/708,2018-11-30,2018-11-30,2018-11-30
707,https://github.com/firecracker-microvm/firecracker/issues/707,2018-11-30,2018-11-30,2018-12-20
701,https://github.com/firecracker-microvm/firecracker/issues/701,2018-11-29,2018-11-29,2018-12-06
696,https://github.com/firecracker-microvm/firecracker/issues/696,2018-11-29,2018-11-29,2018-11-30
687,https://github.com/firecracker-microvm/firecracker/issues/687,2018-11-28,2018-11-28,2018-12-24
685,https://github.com/firecracker-microvm/firecracker/issues/685,2018-11-28,2018-11-28,2018-12-05
682,https://github.com/firecracker-microvm/firecracker/issues/682,2018-11-28,2018-11-29,2018-12-18
673,https://github.com/firecracker-microvm/firecracker/issues/673,2018-11-27,2018-11-28,2019-02-06
668,https://github.com/firecracker-microvm/firecracker/issues/668,2018-11-27,2018-11-27,2018-12-10
667,https://github.com/firecracker-microvm/firecracker/issues/667,2018-11-27,2018-11-27,2019-02-15
666,https://github.com/firecracker-microvm/firecracker/issues/666,2018-11-27,2018-11-27,2018-11-27
664,https://github.com/firecracker-microvm/firecracker/issues/664,2018-11-27,2018-11-27,2018-11-27
659,https://github.com/firecracker-microvm/firecracker/issues/659,2018-11-27,2018-11-27,2018-11-27
