pull_no,pull_url,created_at,commented_at,closed_at
1453,https://github.com/firecracker-microvm/firecracker/pull/1453,2019-12-06,2019-12-06,2019-12-09
1451,https://github.com/firecracker-microvm/firecracker/pull/1451,2019-12-05,2019-12-05,2019-12-06
1447,https://github.com/firecracker-microvm/firecracker/pull/1447,2019-12-04,2019-12-05,2019-12-05
1445,https://github.com/firecracker-microvm/firecracker/pull/1445,2019-12-03,2019-12-05,2019-12-03
1443,https://github.com/firecracker-microvm/firecracker/pull/1443,2019-12-03,2019-12-03,2019-12-09
1442,https://github.com/firecracker-microvm/firecracker/pull/1442,2019-12-02,2019-12-05,2019-12-05
1441,https://github.com/firecracker-microvm/firecracker/pull/1441,2019-12-02,2019-12-05,2019-12-06
1431,https://github.com/firecracker-microvm/firecracker/pull/1431,2019-11-26,2019-12-05,2019-12-09
1415,https://github.com/firecracker-microvm/firecracker/pull/1415,2019-11-21,2019-12-05,2019-11-22
1407,https://github.com/firecracker-microvm/firecracker/pull/1407,2019-11-17,2019-11-25,2019-12-09
1380,https://github.com/firecracker-microvm/firecracker/pull/1380,2019-11-09,2019-11-11,2019-11-22
1376,https://github.com/firecracker-microvm/firecracker/pull/1376,2019-11-08,2019-11-08,2019-11-25
1373,https://github.com/firecracker-microvm/firecracker/pull/1373,2019-11-07,2019-11-07,2019-12-05
1367,https://github.com/firecracker-microvm/firecracker/pull/1367,2019-10-31,2019-12-09,2019-12-09
1364,https://github.com/firecracker-microvm/firecracker/pull/1364,2019-10-30,2019-10-31,2019-10-31
1356,https://github.com/firecracker-microvm/firecracker/pull/1356,2019-10-25,2019-12-09,2019-12-09
1351,https://github.com/firecracker-microvm/firecracker/pull/1351,2019-10-24,2019-11-13,2019-12-09
1349,https://github.com/firecracker-microvm/firecracker/pull/1349,2019-10-23,2019-10-29,2019-10-29
1347,https://github.com/firecracker-microvm/firecracker/pull/1347,2019-10-23,2019-10-23,2019-10-24
1331,https://github.com/firecracker-microvm/firecracker/pull/1331,2019-10-16,2019-10-16,2019-10-22
1328,https://github.com/firecracker-microvm/firecracker/pull/1328,2019-10-15,2019-10-16,2019-10-16
1319,https://github.com/firecracker-microvm/firecracker/pull/1319,2019-10-09,2019-10-23,2019-10-23
1311,https://github.com/firecracker-microvm/firecracker/pull/1311,2019-10-03,2019-10-09,2019-10-09
1310,https://github.com/firecracker-microvm/firecracker/pull/1310,2019-10-03,2019-10-04,2019-10-04
1302,https://github.com/firecracker-microvm/firecracker/pull/1302,2019-10-02,2019-10-04,2019-10-04
1291,https://github.com/firecracker-microvm/firecracker/pull/1291,2019-09-26,2019-09-27,2019-09-27
1284,https://github.com/firecracker-microvm/firecracker/pull/1284,2019-09-25,2019-09-25,2019-09-25
1282,https://github.com/firecracker-microvm/firecracker/pull/1282,2019-09-24,2019-10-03,2019-10-03
1276,https://github.com/firecracker-microvm/firecracker/pull/1276,2019-09-21,2019-09-22,2019-09-22
1265,https://github.com/firecracker-microvm/firecracker/pull/1265,2019-09-16,2019-09-23,2019-10-11
1258,https://github.com/firecracker-microvm/firecracker/pull/1258,2019-09-12,2019-09-12,2019-09-12
1246,https://github.com/firecracker-microvm/firecracker/pull/1246,2019-09-06,2019-10-20,2019-12-09
1245,https://github.com/firecracker-microvm/firecracker/pull/1245,2019-09-04,2019-09-05,2019-09-09
1243,https://github.com/firecracker-microvm/firecracker/pull/1243,2019-09-04,2019-09-04,2019-09-04
1240,https://github.com/firecracker-microvm/firecracker/pull/1240,2019-09-02,2019-10-15,2019-10-23
1238,https://github.com/firecracker-microvm/firecracker/pull/1238,2019-08-31,2019-09-19,2019-11-06
1235,https://github.com/firecracker-microvm/firecracker/pull/1235,2019-08-30,2019-09-19,2019-11-01
1222,https://github.com/firecracker-microvm/firecracker/pull/1222,2019-08-17,2019-08-20,2019-10-11
1221,https://github.com/firecracker-microvm/firecracker/pull/1221,2019-08-15,2019-08-26,2019-08-30
1220,https://github.com/firecracker-microvm/firecracker/pull/1220,2019-08-15,2019-08-26,2019-08-16
1218,https://github.com/firecracker-microvm/firecracker/pull/1218,2019-08-14,2019-08-29,2019-08-30
1216,https://github.com/firecracker-microvm/firecracker/pull/1216,2019-08-13,2019-08-20,2019-08-26
1215,https://github.com/firecracker-microvm/firecracker/pull/1215,2019-08-13,2019-08-13,2019-08-21
1213,https://github.com/firecracker-microvm/firecracker/pull/1213,2019-08-12,2019-08-13,2019-08-16
1211,https://github.com/firecracker-microvm/firecracker/pull/1211,2019-08-09,2019-08-21,2019-09-02
1202,https://github.com/firecracker-microvm/firecracker/pull/1202,2019-07-31,2019-08-01,2019-08-01
1198,https://github.com/firecracker-microvm/firecracker/pull/1198,2019-07-30,2019-08-08,2019-09-12
1197,https://github.com/firecracker-microvm/firecracker/pull/1197,2019-07-30,2019-08-05,2019-09-11
1195,https://github.com/firecracker-microvm/firecracker/pull/1195,2019-07-25,2019-08-06,2019-08-06
1189,https://github.com/firecracker-microvm/firecracker/pull/1189,2019-07-22,2019-07-22,2019-07-24
1188,https://github.com/firecracker-microvm/firecracker/pull/1188,2019-07-19,2019-08-08,2019-08-08
1187,https://github.com/firecracker-microvm/firecracker/pull/1187,2019-07-17,2019-07-19,2019-07-19
1174,https://github.com/firecracker-microvm/firecracker/pull/1174,2019-07-11,2019-07-31,2019-07-31
1173,https://github.com/firecracker-microvm/firecracker/pull/1173,2019-07-11,2019-07-29,2019-08-29
1172,https://github.com/firecracker-microvm/firecracker/pull/1172,2019-07-10,2019-07-11,2019-07-11
1171,https://github.com/firecracker-microvm/firecracker/pull/1171,2019-07-10,2019-07-11,2019-07-11
1170,https://github.com/firecracker-microvm/firecracker/pull/1170,2019-07-10,2019-07-11,2019-07-11
1169,https://github.com/firecracker-microvm/firecracker/pull/1169,2019-07-10,2019-07-10,2019-07-10
1168,https://github.com/firecracker-microvm/firecracker/pull/1168,2019-07-10,2019-07-10,2019-07-10
1163,https://github.com/firecracker-microvm/firecracker/pull/1163,2019-07-08,2019-07-11,2019-07-11
1162,https://github.com/firecracker-microvm/firecracker/pull/1162,2019-07-08,2019-07-08,2019-07-10
1161,https://github.com/firecracker-microvm/firecracker/pull/1161,2019-07-06,2019-07-08,2019-07-08
1151,https://github.com/firecracker-microvm/firecracker/pull/1151,2019-06-25,2019-07-05,2019-07-11
1140,https://github.com/firecracker-microvm/firecracker/pull/1140,2019-06-19,2019-06-20,2019-07-10
1136,https://github.com/firecracker-microvm/firecracker/pull/1136,2019-06-14,2019-06-14,2019-06-14
1115,https://github.com/firecracker-microvm/firecracker/pull/1115,2019-05-30,2019-05-31,2019-09-30
1113,https://github.com/firecracker-microvm/firecracker/pull/1113,2019-05-29,2019-05-30,2019-07-25
1105,https://github.com/firecracker-microvm/firecracker/pull/1105,2019-05-24,2019-07-24,2019-08-07
1094,https://github.com/firecracker-microvm/firecracker/pull/1094,2019-05-14,2019-05-20,2019-05-21
1093,https://github.com/firecracker-microvm/firecracker/pull/1093,2019-05-13,2019-05-20,2019-05-20
1090,https://github.com/firecracker-microvm/firecracker/pull/1090,2019-05-13,2019-05-27,2019-05-27
1083,https://github.com/firecracker-microvm/firecracker/pull/1083,2019-05-07,2019-05-07,2019-05-07
1075,https://github.com/firecracker-microvm/firecracker/pull/1075,2019-04-29,2019-04-30,2019-10-09
1055,https://github.com/firecracker-microvm/firecracker/pull/1055,2019-04-11,2019-04-22,2019-05-06
1054,https://github.com/firecracker-microvm/firecracker/pull/1054,2019-04-09,2019-04-19,2019-04-19
1050,https://github.com/firecracker-microvm/firecracker/pull/1050,2019-04-08,2019-05-03,2019-08-19
1023,https://github.com/firecracker-microvm/firecracker/pull/1023,2019-03-20,2019-03-20,2019-04-02
1020,https://github.com/firecracker-microvm/firecracker/pull/1020,2019-03-19,2019-03-20,2019-03-19
1006,https://github.com/firecracker-microvm/firecracker/pull/1006,2019-03-12,2019-03-12,2019-03-13
981,https://github.com/firecracker-microvm/firecracker/pull/981,2019-03-06,2019-03-12,2019-03-12
977,https://github.com/firecracker-microvm/firecracker/pull/977,2019-03-05,2019-03-06,2019-03-08
971,https://github.com/firecracker-microvm/firecracker/pull/971,2019-02-27,2019-03-08,2019-03-15
967,https://github.com/firecracker-microvm/firecracker/pull/967,2019-02-23,2019-02-25,2019-02-25
964,https://github.com/firecracker-microvm/firecracker/pull/964,2019-02-22,2019-03-19,2019-03-19
963,https://github.com/firecracker-microvm/firecracker/pull/963,2019-02-22,2019-03-13,2019-03-13
959,https://github.com/firecracker-microvm/firecracker/pull/959,2019-02-21,2019-02-22,2019-02-22
958,https://github.com/firecracker-microvm/firecracker/pull/958,2019-02-21,2019-02-22,2019-02-21
957,https://github.com/firecracker-microvm/firecracker/pull/957,2019-02-21,2019-02-22,2019-02-21
952,https://github.com/firecracker-microvm/firecracker/pull/952,2019-02-20,2019-02-22,2019-02-22
942,https://github.com/firecracker-microvm/firecracker/pull/942,2019-02-18,2019-02-19,2019-02-20
940,https://github.com/firecracker-microvm/firecracker/pull/940,2019-02-17,2019-03-08,2019-03-25
939,https://github.com/firecracker-microvm/firecracker/pull/939,2019-02-17,2019-03-13,2019-03-19
931,https://github.com/firecracker-microvm/firecracker/pull/931,2019-02-13,2019-03-13,2019-02-16
927,https://github.com/firecracker-microvm/firecracker/pull/927,2019-02-11,2019-02-11,2019-02-11
926,https://github.com/firecracker-microvm/firecracker/pull/926,2019-02-09,2019-02-09,2019-02-12
922,https://github.com/firecracker-microvm/firecracker/pull/922,2019-02-07,2019-02-13,2019-03-01
916,https://github.com/firecracker-microvm/firecracker/pull/916,2019-02-05,2019-02-06,2019-03-12
914,https://github.com/firecracker-microvm/firecracker/pull/914,2019-02-02,2019-02-07,2019-02-07
900,https://github.com/firecracker-microvm/firecracker/pull/900,2019-01-29,2019-02-05,2019-02-21
892,https://github.com/firecracker-microvm/firecracker/pull/892,2019-01-26,2019-01-28,2019-01-28
891,https://github.com/firecracker-microvm/firecracker/pull/891,2019-01-25,2019-01-27,2019-04-05
888,https://github.com/firecracker-microvm/firecracker/pull/888,2019-01-24,2019-01-24,2019-03-17
887,https://github.com/firecracker-microvm/firecracker/pull/887,2019-01-24,2019-01-28,2019-01-28
863,https://github.com/firecracker-microvm/firecracker/pull/863,2019-01-19,2019-01-22,2019-01-29
862,https://github.com/firecracker-microvm/firecracker/pull/862,2019-01-18,2019-01-23,2019-01-23
834,https://github.com/firecracker-microvm/firecracker/pull/834,2019-01-10,2019-01-22,2019-01-23
831,https://github.com/firecracker-microvm/firecracker/pull/831,2019-01-08,2019-01-18,2019-01-22
830,https://github.com/firecracker-microvm/firecracker/pull/830,2019-01-08,2019-01-10,2019-01-10
817,https://github.com/firecracker-microvm/firecracker/pull/817,2019-01-07,2019-01-15,2019-01-15
809,https://github.com/firecracker-microvm/firecracker/pull/809,2019-01-03,2019-01-03,2019-01-08
807,https://github.com/firecracker-microvm/firecracker/pull/807,2019-01-03,2019-01-03,2019-01-03
806,https://github.com/firecracker-microvm/firecracker/pull/806,2018-12-31,2019-01-02,2019-01-07
805,https://github.com/firecracker-microvm/firecracker/pull/805,2018-12-30,2019-01-04,2019-01-04
804,https://github.com/firecracker-microvm/firecracker/pull/804,2018-12-30,2019-01-04,2018-12-31
793,https://github.com/firecracker-microvm/firecracker/pull/793,2018-12-25,2018-12-29,2019-01-11
787,https://github.com/firecracker-microvm/firecracker/pull/787,2018-12-20,2018-12-20,2018-12-21
777,https://github.com/firecracker-microvm/firecracker/pull/777,2018-12-18,2018-12-18,2018-12-18
765,https://github.com/firecracker-microvm/firecracker/pull/765,2018-12-12,2018-12-13,2018-12-13
753,https://github.com/firecracker-microvm/firecracker/pull/753,2018-12-09,2018-12-10,2018-12-12
744,https://github.com/firecracker-microvm/firecracker/pull/744,2018-12-05,2018-12-08,2018-12-18
743,https://github.com/firecracker-microvm/firecracker/pull/743,2018-12-05,2018-12-08,2019-01-04
742,https://github.com/firecracker-microvm/firecracker/pull/742,2018-12-05,2018-12-19,2019-01-04
740,https://github.com/firecracker-microvm/firecracker/pull/740,2018-12-04,2018-12-05,2018-12-05
738,https://github.com/firecracker-microvm/firecracker/pull/738,2018-12-04,2018-12-04,2018-12-04
735,https://github.com/firecracker-microvm/firecracker/pull/735,2018-12-04,2018-12-04,2018-12-04
734,https://github.com/firecracker-microvm/firecracker/pull/734,2018-12-04,2018-12-04,2018-12-04
731,https://github.com/firecracker-microvm/firecracker/pull/731,2018-12-04,2018-12-04,2018-12-05
730,https://github.com/firecracker-microvm/firecracker/pull/730,2018-12-03,2018-12-04,2018-12-04
725,https://github.com/firecracker-microvm/firecracker/pull/725,2018-12-03,2018-12-03,2018-12-20
720,https://github.com/firecracker-microvm/firecracker/pull/720,2018-12-02,2018-12-03,2018-12-03
719,https://github.com/firecracker-microvm/firecracker/pull/719,2018-12-01,2018-12-03,2018-12-03
717,https://github.com/firecracker-microvm/firecracker/pull/717,2018-12-01,2018-12-03,2018-12-03
713,https://github.com/firecracker-microvm/firecracker/pull/713,2018-11-30,2018-12-03,2018-12-04
710,https://github.com/firecracker-microvm/firecracker/pull/710,2018-11-30,2018-12-03,2018-11-30
704,https://github.com/firecracker-microvm/firecracker/pull/704,2018-11-29,2018-11-30,2018-12-04
703,https://github.com/firecracker-microvm/firecracker/pull/703,2018-11-29,2018-11-30,2018-12-03
702,https://github.com/firecracker-microvm/firecracker/pull/702,2018-11-29,2018-11-29,2018-11-29
700,https://github.com/firecracker-microvm/firecracker/pull/700,2018-11-29,2018-11-30,2018-12-18
698,https://github.com/firecracker-microvm/firecracker/pull/698,2018-11-29,2018-11-29,2018-11-30
697,https://github.com/firecracker-microvm/firecracker/pull/697,2018-11-29,2018-11-29,2018-11-29
695,https://github.com/firecracker-microvm/firecracker/pull/695,2018-11-28,2018-11-30,2018-11-30
693,https://github.com/firecracker-microvm/firecracker/pull/693,2018-11-28,2018-11-30,2018-12-01
690,https://github.com/firecracker-microvm/firecracker/pull/690,2018-11-28,2018-11-30,2018-11-30
689,https://github.com/firecracker-microvm/firecracker/pull/689,2018-11-28,2018-11-28,2018-11-28
688,https://github.com/firecracker-microvm/firecracker/pull/688,2018-11-28,2018-11-28,2018-11-28
684,https://github.com/firecracker-microvm/firecracker/pull/684,2018-11-28,2018-11-28,2018-11-30
683,https://github.com/firecracker-microvm/firecracker/pull/683,2018-11-28,2018-12-13,2018-12-14
681,https://github.com/firecracker-microvm/firecracker/pull/681,2018-11-28,2018-11-28,2018-12-01
680,https://github.com/firecracker-microvm/firecracker/pull/680,2018-11-28,2018-11-30,2018-11-30
679,https://github.com/firecracker-microvm/firecracker/pull/679,2018-11-28,2018-11-30,2018-11-30
678,https://github.com/firecracker-microvm/firecracker/pull/678,2018-11-28,2018-11-30,2018-11-30
677,https://github.com/firecracker-microvm/firecracker/pull/677,2018-11-28,2018-11-28,2019-02-12
676,https://github.com/firecracker-microvm/firecracker/pull/676,2018-11-27,2018-11-27,2018-12-04
675,https://github.com/firecracker-microvm/firecracker/pull/675,2018-11-27,2018-11-27,2018-11-27
670,https://github.com/firecracker-microvm/firecracker/pull/670,2018-11-27,2018-11-28,2019-01-02
669,https://github.com/firecracker-microvm/firecracker/pull/669,2018-11-27,2018-11-27,2018-11-27
661,https://github.com/firecracker-microvm/firecracker/pull/661,2018-11-27,2018-11-27,2018-11-27
660,https://github.com/firecracker-microvm/firecracker/pull/660,2018-11-27,2018-11-27,2018-11-27
658,https://github.com/firecracker-microvm/firecracker/pull/658,2018-11-27,2018-11-27,2018-11-27
657,https://github.com/firecracker-microvm/firecracker/pull/657,2018-11-27,2018-11-27,2018-11-27
